{"cameraMode":{"drawMode":0,"name":"Shaded","section":"Shading Mode"},"sceneLighting":true,"audioPlay":false,"sceneViewState":{"showFog":true,"showMaterialUpdate":false,"showSkybox":true,"showFlares":true,"showImageEffects":true,"showParticleSystems":true},"in2DMode":false,"pivot":{"x":-14.563192367553711,"y":1.2647554874420167,"z":-0.050240665674209598},"rotation":{"x":-0.2280299961566925,"y":0.078379787504673,"z":-0.018390098586678506,"w":-0.9703449010848999},"size":270.178466796875,"orthographic":false}